사례번호,줄번호,내용,대입연도,대학명,모집단위,전형명
136,1,2015학년도 대입 면접 후기[경북대 응용생명과학부],2015,경북대,응용생명과학부,학생부종합전형
136,2,대학명,2015,경북대,응용생명과학부,학생부종합전형
136,3,경북대학교,2015,경북대,응용생명과학부,학생부종합전형
136,4,학과(부),2015,경북대,응용생명과학부,학생부종합전형
136,5,응용생명과학부,2015,경북대,응용생명과학부,학생부종합전형
136,6,[전형유형],2015,경북대,응용생명과학부,학생부종합전형
136,7,학생부종합전형,2015,경북대,응용생명과학부,학생부종합전형
136,8,합/불 현황,2015,경북대,응용생명과학부,학생부종합전형
136,9,면접시간,2015,경북대,응용생명과학부,학생부종합전형
136,10,15분,2015,경북대,응용생명과학부,학생부종합전형
136,11,면접위원수,2015,경북대,응용생명과학부,학생부종합전형
136,12,3명,2015,경북대,응용생명과학부,학생부종합전형
136,13,면접절차,2015,경북대,응용생명과학부,학생부종합전형
136,14,면 접 특 징[유의사항],2015,경북대,응용생명과학부,학생부종합전형
136,15,◈ 확인면접,2015,경북대,응용생명과학부,학생부종합전형
136,16,질문 및 답변 내용 (질문 위주로 구체적으로 진술),2015,경북대,응용생명과학부,학생부종합전형
136,17,Q : 학교생활을 하며 가장 기억에 남는 활동이 있는가?,2015,경북대,응용생명과학부,학생부종합전형
136,18,A : 발명동아리 활동이 가장 기억에 남는다. 동아리 부장을 맡으며 많은 부원들 앞에서 발표와 설명을 하는 과정에서 소심한 성격을 많이 고칠 수 있었다. 뿐만 아니라 다양한 부원들의 의견을 조율하고 통합하는 과정에서 진정한 리더십이란 함께 협력할 수 있는 화합의 장을 만드는 것이라는 생각을 갖게 되었다.,2015,경북대,응용생명과학부,학생부종합전형
136,19,Q : 3년간 진로희망을 기관사라고 했는데 다른 학교는 어디에 지원했는가? ,2015,경북대,응용생명과학부,학생부종합전형
136,20,A : 사실 한국교통대학교에도 지원했다. 하지만 충북대학교 식물자원학과에도 지원할 만큼 식물에 많은 관심과 흥미가 있다.,2015,경북대,응용생명과학부,학생부종합전형
136,21,"[본인이 느꼈던 잘한 점, 아쉬운 점, 준비해야할 것 / 후배에게 당부하고 싶은 사항]",2015,경북대,응용생명과학부,학생부종합전형
136,22,"◈ 기본질문 위주로 물음. 시사상식, 전공지식은 묻지 않았음.",2015,경북대,응용생명과학부,학생부종합전형
140,23,2015학년도 대입 면접 후기[경북대 의예과],2015,경북대,의예과,학생부종합 일반전형
140,24,대학명,2015,경북대,의예과,학생부종합 일반전형
140,25,경북대학교,2015,경북대,의예과,학생부종합 일반전형
140,26,학과(부),2015,경북대,의예과,학생부종합 일반전형
140,27,의과대학,2015,경북대,의예과,학생부종합 일반전형
140,28,[전형유형],2015,경북대,의예과,학생부종합 일반전형
140,29,학생부종합 일반전형,2015,경북대,의예과,학생부종합 일반전형
140,30,합/불 현황,2015,경북대,의예과,학생부종합 일반전형
140,31,합격,2015,경북대,의예과,학생부종합 일반전형
140,32,면접시간,2015,경북대,의예과,학생부종합 일반전형
140,33,15분,2015,경북대,의예과,학생부종합 일반전형
140,34,면접위원수,2015,경북대,의예과,학생부종합 일반전형
140,35,3명,2015,경북대,의예과,학생부종합 일반전형
140,36,면접절차,2015,경북대,의예과,학생부종합 일반전형
140,37,대기실에서 대기 &#8211; 4명씩 조를 이루어 각 방에 1명씩 들어감  (오전반의 경우) 오후반이 모두 입실할 때까지 대기,2015,경북대,의예과,학생부종합 일반전형
140,38,면 접 특 징[유의사항],2015,경북대,의예과,학생부종합 일반전형
140,39,거의 대부분 단정한 교복차림,2015,경북대,의예과,학생부종합 일반전형
140,40,"오전반의 경우, 면접 전 ,후의 대기시간은 대략 4시간 정도",2015,경북대,의예과,학생부종합 일반전형
140,41, 분위기는 화기애애했던 걸로 기억.,2015,경북대,의예과,학생부종합 일반전형
140,42,질문 및 답변 내용 (질문 위주로 구체적으로 진술),2015,경북대,의예과,학생부종합 일반전형
140,43,Q. (처음에 긴장을 풀어주기 위해) OOO고에 재학중이라고 했는데 경북대와 가까워서 통학에는 불편함이 없겠군요.,2015,경북대,의예과,학생부종합 일반전형
140,44,Q. (경북대학교 면접에서 항상있는 거 ) 대략적인 자기소개와 지원동기 및 학업계획은?,2015,경북대,의예과,학생부종합 일반전형
140,45,"A.  저에게 의사라는 구체적인 꿈을 가지게 된 계기는 이태석 신부의 삶을 그려낸 <울지마 톤즈 그 후 선물>이라는 책 때문이였습니다. ~대략적인 줄거리 소개 및 책이 나의 가치관에 미친영향, 이를 통해 얻은 이상적인 의사의 모습에 대해 설명. 그를 본받아 봉사활동 많이 하고싶다 등 ~~이를 위해서 의예과에 진학한 후에는 의사가 되기위한 공부와 봉사활동 병행 &구체적으로 하고싶은 봉사활동& 의사가 된 후에 연구하고싶은 분야 설명.",2015,경북대,의예과,학생부종합 일반전형
140,46,"Q. 자기소개서에서 호르몬의 작용에 대해서 흥미있게 공부했다고 했는데 , 호르몬이 인체에 미치는 영향에 대해 설명?",2015,경북대,의예과,학생부종합 일반전형
140,47,"A. 대표적으로 티록신의 음성피드백 작용을 설명. 이후에 티록신이 인체에 미치는 영향의 예로 갑상샘 비대증, 갑상샘 항진증 등에 대해서 설명함.",2015,경북대,의예과,학생부종합 일반전형
140,48,"Q. 생활기록부를 봤을 때 꾸준하게 멘토 멘티 활동에 참여하고 , 화학도우미, 수학도우미 등에 참여했다고 적혀있는데, 이러한 활동을 통해 느낀 점과 본인이 받은 영향은?",2015,경북대,의예과,학생부종합 일반전형
140,49,"A. 솔직히 그런 활동에 참여하기 전에는 혼자 공부하는 시간이 뺏길까봐 걱정이 돼서 고민이 많이 되었는데, 막상 멘토 멘티 활동에 참여하고 보니 친구들이 잘 모르는 부분에 대해 설명하기 위해서 스스로 더 자세히 공부하게 되었고 내가 잘 모르고 지나쳤던 부분에 대해서도 알게 되었습니다. 협력의 중요성을 느끼게 되었고 의예과에 진학한 후에도 조별활동이 중요하다고 들었는데 고등학교에서 경험을 살려 잘 참여할수 있을 것 같습니다.",2015,경북대,의예과,학생부종합 일반전형
140,50,Q. 고교과정에서 기억에 남는 동아리 활동은?,2015,경북대,의예과,학생부종합 일반전형
140,51,A. 1학년때 동아리 부장으로 활동하면서 있었던 에피소드를 얘기함. (너무 추상적이게 말하기보다는 있었던 에피소드위주로) ,2015,경북대,의예과,학생부종합 일반전형
140,52,"Q. (추가질문)  의학과 관련된 동아리 활동이나 과학에 관련된 활동은 없는것 같은데, 그 이유는?",2015,경북대,의예과,학생부종합 일반전형
140,53,A. 학교에 의학동아리가 없었음. 2학년때 수의학동아리에 참여. 동물을 좋아해서 들어갔는데 활동을 하면서 생명의 소중함과 가치에 대해서 깨닫게 됨. (여기서도 대략적인 활동 설명함),2015,경북대,의예과,학생부종합 일반전형
140,54,"Q. 자기 소개서에서 기초의학을 연구하고 싶다고 되었는데 기초의학을 연구하는 것과 의사와는 거리가 있는 것 같다, 그에 대해서는 어떻게 생각하는가?",2015,경북대,의예과,학생부종합 일반전형
140,55,"Q. 1학년ㅤㄸㅒㅤ부터 꾸준히 의사가 되기를 희망했는데, 이때 부모님이 강요하시는 부분은 없었는기?",2015,경북대,의예과,학생부종합 일반전형
140,56,Q. 고등학생ㅤㄸㅒㅤ 읽은 의학서적에 대해서 얘기해 줄 수 있겠는가?,2015,경북대,의예과,학생부종합 일반전형
140,57,Q. 마지막으로 면접관들에게 하고싶은 말은?,2015,경북대,의예과,학생부종합 일반전형
140,58," 나의 장,단점에 대해 설명함. 거의 장점은 의예과에 진학한 후에도 도움이 될것이라고 마무리 짓고 단점은 극복과정까지 진술.",2015,경북대,의예과,학생부종합 일반전형
140,59,"[본인이 느꼈던 잘한 점, 아쉬운 점, 준비해야할 것 / 후배에게 당부하고 싶은 사항]",2015,경북대,의예과,학생부종합 일반전형
140,60,"◈ 전문적인 지식은 묻지 않았고, 교과과정에서 배운 내용이나 인성면접위주.",2015,경북대,의예과,학생부종합 일반전형
140,61,◈ 자기소개서나 생활기록부에 적혀져있는 내용위주이기 때문에 자소서나 생기부에서 물을 만한 것들을 미리 준비하는 것이 좋음.,2015,경북대,의예과,학생부종합 일반전형
140,62,"◈ 대기시간에 지원자들은 대부분 자소서나 생기부를 봤고, 저의 경우 의학계열 면접 기출문항도 함께 준비해가서 보았습니다.",2015,경북대,의예과,학생부종합 일반전형
140,63,"◈ 처음 면접실 들어갈 때부터 자신감 있는 태도,밝은 표정이 중요함. 면접관들의 말씀을 경청하고 눈을 마주치며 말하는게 중요한 것 같음.",2015,경북대,의예과,학생부종합 일반전형
140,64,◈ (경북대의 경우) 2분 자기 소개하는 부분을 체계적으로 준비해 가는게 좋음 .,2015,경북대,의예과,학생부종합 일반전형
140,65,◈ 아쉬운 점 : 준비해왔던 내용이 기억이 안나서 당황하며 면접때 정적이 흘렀다. 기억이 안나더라도 일단 순발력있게 기억나는 내용 위주로 말을 만드는게 필요할 것 같다.,2015,경북대,의예과,학생부종합 일반전형
401,66,2015학년도 대입 면접 후기[계명대 토목공학과],2015,계명대,토목공학과,일반전형
401,67,대학명,2015,계명대,토목공학과,일반전형
401,68,계명대학교,2015,계명대,토목공학과,일반전형
401,69,학과(부),2015,계명대,토목공학과,일반전형
401,70,토목공학과,2015,계명대,토목공학과,일반전형
401,71,[전형유형],2015,계명대,토목공학과,일반전형
401,72,일반전형,2015,계명대,토목공학과,일반전형
401,73,합/불 현황,2015,계명대,토목공학과,일반전형
401,74,면접시간,2015,계명대,토목공학과,일반전형
401,75,20분,2015,계명대,토목공학과,일반전형
401,76,면접위원수,2015,계명대,토목공학과,일반전형
401,77,면접절차,2015,계명대,토목공학과,일반전형
401,78,5분 제시문 보고 면접,2015,계명대,토목공학과,일반전형
401,79,면 접 특 징[유의사항],2015,계명대,토목공학과,일반전형
401,80,◈ 오자마자 앉으라 하는데 인사하고 앉기,2015,계명대,토목공학과,일반전형
401,81,질문 및 답변 내용 (질문 위주로 구체적으로 진술),2015,계명대,토목공학과,일반전형
401,82,............................................................................................................................................................................................................,2015,계명대,토목공학과,일반전형
401,83, ☞ [지문] 자연 계발과 자연 보존 중 어디를 선택할것이냐,2015,계명대,토목공학과,일반전형
401,84, A. 자연 보전을 중심을 두고 자연을 계발 해야됩니다. 왜냐하면 자연 계발을 우선적으로 두면 자연 계발 후 일어나는 자연 파괴에 대한 비용은 자연 계발에 이용한 시간과 돈보다 더 많은 시간이 들기 때문입니다.,2015,계명대,토목공학과,일반전형
401,85,........................................................................................................................................................................................................... ,2015,계명대,토목공학과,일반전형
401,86,Q : 지원동기?,2015,계명대,토목공학과,일반전형
401,87,A : 큰 건물들을 짓는 것이 제 꿈이어서 지원하게 되었습니다.,2015,계명대,토목공학과,일반전형
401,88,Q : 내 인생에 영향을 끼친 사람,2015,계명대,토목공학과,일반전형
401,89,A : 중3 담임 선생님입니다. 제가 인문계 고등학교를 갈 생각이 없는 저를 이끌어 주시고 지금 이 순간까지 오게 해주셨기 때문입니다.,2015,계명대,토목공학과,일반전형
401,90,Q : 고등학교때 가장 많이 한 활동,2015,계명대,토목공학과,일반전형
401,91,A : 진로 활동을 많이 한 것 같습니다. 제가 1학년때 성적을 본 후 제가 이렇게 가다가는 인생 망하겠구나 싶어서 그런지 진로 활동을 많이 한 것 같습니다.,2015,계명대,토목공학과,일반전형
401,92,"[본인이 느꼈던 잘한 점, 아쉬운 점, 준비해야할 것 / 후배에게 당부하고 싶은 사항]",2015,계명대,토목공학과,일반전형
401,93,◈ 지원 동기 준비,2015,계명대,토목공학과,일반전형
635,94,2015학년도 대입 면접 후기[대구대 화학교육전공],2015,대구대,화학공학과,수시
635,95,대학명,2015,대구대,화학공학과,수시
635,96,대구대학교,2015,대구대,화학공학과,수시
635,97,학과(부),2015,대구대,화학공학과,수시
635,98,화학 교육 전공,2015,대구대,화학공학과,수시
635,99,[전형유형],2015,대구대,화학공학과,수시
635,100,수시,2015,대구대,화학공학과,수시
635,101,합/불 현황,2015,대구대,화학공학과,수시
635,102,불합격(수능 점수가 높아 더 좋은 대학으로 원서),2015,대구대,화학공학과,수시
635,103,면접시간,2015,대구대,화학공학과,수시
635,104,20분,2015,대구대,화학공학과,수시
635,105,면접위원수,2015,대구대,화학공학과,수시
635,106,3명,2015,대구대,화학공학과,수시
635,107,면접절차,2015,대구대,화학공학과,수시
635,108,대기  부르면 입실 면접,2015,대구대,화학공학과,수시
635,109,면 접 특 징[유의사항],2015,대구대,화학공학과,수시
635,110,3:3 면접 대구대 면접은 생활기록부 볼 필요 없음. 기출문제로 꼭 연습할 것,2015,대구대,화학공학과,수시
635,111,질문 및 답변 내용 (질문 위주로 구체적으로 진술),2015,대구대,화학공학과,수시
635,112,Q : 학과에 지원하게 된 동기와 학과에서 어떻게 공부하고 싶은지 말해보세요.,2015,대구대,화학공학과,수시
635,113,A : 저는 고등학교 1학년 때ㅂ터 연구원이 꿈이었습니다. 연구원이 되기 위해 공부를 했지만 학업에 대해 많은 어려움을 겪었습니다. ~~저와 같은 아이들을 제가 도와주고 싶어서 지원하게 되었습니다. 저는 상다을 많이 하는 선생님이 되고 싶어서 될 수 있는 한 많은 책을 읽을까 합니다.,2015,대구대,화학공학과,수시
635,114,Q : 남녀 간에 적합한 직업이 있다는 주장이 있다. 이 주장에 대해 어떻게 생각하는가?,2015,대구대,화학공학과,수시
635,115,A : 이 주장이 저는 맞다고 생각 합니다. 남녀는 태어날 때부터 다른 점이 있습니다. 그 능력을 극대화 시킬 수 있는 직업이 있고 또 축소시킬 수 있는 직업이 있다고 생각합니다. 예를들어 ~~~,2015,대구대,화학공학과,수시
635,116,Q : 반에 피부색이 다른 학생이 있을 때 교사라면 어떻게 지도 할 것인가?,2015,대구대,화학공학과,수시
635,117,"A : 저는 조별활동을 많이 할까 합니다. 조별활동을 하며 서로 이야기도 많이 하고 부딪히다보면 얘도 생각보다 괜찮은 아이구나 말도 잘통하네, 등 다른 학생들의 생각을 바꿔줄 수 있지 않을까 생각합니다.",2015,대구대,화학공학과,수시
635,118,"[본인이 느꼈던 잘한 점, 아쉬운 점, 준비해야할 것 / 후배에게 당부하고 싶은 사항]",2015,대구대,화학공학과,수시
635,119,◈ 내 대답에 대하여 면접관 분들이 추가 질문을 하지 않으심,2015,대구대,화학공학과,수시
737,120,2015학년도 대입 면접 후기[서울대 사회학과],2015,서울대,사회학과,일반전형
737,121,대학명,2015,서울대,사회학과,일반전형
737,122,서울대학교,2015,서울대,사회학과,일반전형
737,123,학과(부),2015,서울대,사회학과,일반전형
737,124,사회학과,2015,서울대,사회학과,일반전형
737,125,[전형유형],2015,서울대,사회학과,일반전형
737,126,일반전형,2015,서울대,사회학과,일반전형
737,127,합/불 현황,2015,서울대,사회학과,일반전형
737,128,합격,2015,서울대,사회학과,일반전형
737,129,면접시간,2015,서울대,사회학과,일반전형
737,130,15분(준비시간 30분),2015,서울대,사회학과,일반전형
737,131,면접위원수,2015,서울대,사회학과,일반전형
737,132,2명,2015,서울대,사회학과,일반전형
737,133,면접절차,2015,서울대,사회학과,일반전형
737,134,면접실 대기 → 호명된 1명씩 면접실 앞 책상에 앉아 30분 동안 문제 풀기 → 면접,2015,서울대,사회학과,일반전형
737,135,면 접 특 징[유의사항],2015,서울대,사회학과,일반전형
737,136,"◈ 교복 착용 금지, 학교나 자신에 관련된 정보 언급 안됨",2015,서울대,사회학과,일반전형
737,137,◈ 철저히 제시문 위주의 면접임(인성 면접 없었음),2015,서울대,사회학과,일반전형
737,138,◈ 최근의 사회적 문제들을 포괄하는 질문,2015,서울대,사회학과,일반전형
737,139,질문 및 답변 내용 (질문 위주로 구체적으로 진술),2015,서울대,사회학과,일반전형
737,140,<인문>,2015,서울대,사회학과,일반전형
737,141,☞ 현자와 왕의 대화가 제시문으로 출제됨. 왕은 소 피를 이용해 의식을 진행하는 ‘흔종’이라는 의식에서 소가 너무 불쌍하니 소를 양으로 바꾸라고 명령함. 이를 본 현자는 왕에게 이러한 마음가짐이라면 능히 군주다운 군주가 될 수 있을 것이라 함. 그럼에도 불구하고 왜 소를 양으로 바꾸었냐는 질문에는 왕은 대답하지 못함.     ,2015,서울대,사회학과,일반전형
737,142,               ,2015,서울대,사회학과,일반전형
737,143,질문1. 제시문에서 현자가 언급한 ‘왕다운 왕’이란 어떤 왕을 의미하는가?,2015,서울대,사회학과,일반전형
737,144,"A: 타인을 배려하는 왕이라 생각합니다. 자신의 도덕적 관념에 따라 일을 처리하기에 백성들에게도 인자한 왕이 될 것입니다. 또한 우선순위를 아는 왕이라 생각합니다. 제시문의 배경이 농경 사회일 수 있다는 정보가 내포되어 있으므로, 농경사회에서 가장 중요한 가축인 소 대신 양을 선택한 것은 우선순위를 잘 아는 왕이라 할 수 있습니다.",2015,서울대,사회학과,일반전형
737,145,"추가질문: 소를 양으로 바꾸고, 한편 흔종 제도 자체는 유지시키는 일면이 기회주의적이라 생각하지 않는가?",2015,서울대,사회학과,일반전형
737,146,"A: 만일 개인의 도덕적 가치관에 빗대어 생각하자면 그리 생각할 수도 있습니다. 하지만 왕이란 자는 한 나라의 군주고 지도자이기 때문에 함부로 제도를 바꿀 수 없고, 그렇다고 자신의 도덕적 가치관에 어긋나는 행위를 묵인할 만큼 힘이 없지도 않습니다. 따라서 제시문에 언급된 왕의 행동은 나라의 군주로서 합리적이었다 생각합니다.",2015,서울대,사회학과,일반전형
737,147,<사회과학>,2015,서울대,사회학과,일반전형
737,148,"☞ 기업주의 입장에서 노동자를 뽑는 내용의 제시문이 출제됨. 기업주는 3사람 중 한 명을 선택해야 하는데 세사람 모두 같은 임금에 동일한 성과를 얻을 수 있음. 사람1은 세 사람 중 가장 가난한 사람임. 사람2는 최근에 집이 망해서 가난해져, 현재 가장 불행하다 느끼는 사람임. 사람3은 세 사람만큼 못 살지는 않지만 가난하고 병이 있음. ",2015,서울대,사회학과,일반전형
737,149,질문1. 내가 기업주라면 세 사람 중 누구를 뽑을 것인가?,2015,서울대,사회학과,일반전형
737,150,A: 두 번째 사람을 뽑을 것입니다. 준거점 이론에 따르면 사람은 득보다 실을 더 많이 따지므로 현재 가장 불행하다고 느끼는 사람2가 가장 근로의욕이 높을 것입니다. ,2015,서울대,사회학과,일반전형
737,151,질문2. 기업주의 선택을 국가적 차원에서 생각했을 때 어떤 문제점이 있는가?,2015,서울대,사회학과,일반전형
737,152,"A: 복지적 차원에서의 문제가 생깁니다. 국가는 경제적 효율성도 중요하지만 그만큼 국민의 복지에도 신경을 써야하기 때문에 사람2를 뽑는다면 나머지 계층, 즉 절대적 빈곤층과 사회적 약자들을 보호해줄 수단이 적어지고, 결과적으로 복지 문제가 생깁니다.",2015,서울대,사회학과,일반전형
737,153,"[본인이 느꼈던 잘한 점, 아쉬운 점, 준비해야할 것 / 후배에게 당부하고 싶은 사항]",2015,서울대,사회학과,일반전형
737,154,◈ 1년간 가장 큰 사회적 문제에 대해 포괄적으로 묻는 질문이 출제됨(대표자의 자질과 고용문제),2015,서울대,사회학과,일반전형
737,155,"◈ 문제에 대한 다면적인 시각이 요구됨. 사회 지문이라고 사회학적으로만 접근하지 말고 윤리적, 경제적 측면도 고려해야함. 파이팅~",2015,서울대,사회학과,일반전형
737,156, ,2015,서울대,사회학과,일반전형
750,157,2015학년도 대입 면접 후기[서울대 수의예과],2015,서울대,수의학과,일반전형
750,158,대학명,2015,서울대,수의학과,일반전형
750,159,서울대학교,2015,서울대,수의학과,일반전형
750,160,학과(부),2015,서울대,수의학과,일반전형
750,161,수의예과,2015,서울대,수의학과,일반전형
750,162,[전형유형],2015,서울대,수의학과,일반전형
750,163,일반전형,2015,서울대,수의학과,일반전형
750,164,합/불 현황,2015,서울대,수의학과,일반전형
750,165,합격 ,2015,서울대,수의학과,일반전형
750,166,면접시간,2015,서울대,수의학과,일반전형
750,167,60분,2015,서울대,수의학과,일반전형
750,168,면접위원수,2015,서울대,수의학과,일반전형
750,169,"방 한 개에 교수님 2분, 방 5개 니까 총 10분",2015,서울대,수의학과,일반전형
750,170,면접절차,2015,서울대,수의학과,일반전형
750,171,들어가면 수험번호를 주고 번호 순서대로 5명씩 한조로 각각 한 방씩 들어가서 10분간 면접,2015,서울대,수의학과,일반전형
750,172,면 접 특 징[유의사항],2015,서울대,수의학과,일반전형
750,173,◈ 2분 남았다고 종을 쳐줘요. 생각보다 10분이 짧아요.,2015,서울대,수의학과,일반전형
750,174,질문 및 답변 내용 (질문 위주로 구체적으로 진술),2015,서울대,수의학과,일반전형
750,175,[첫번째 방],2015,서울대,수의학과,일반전형
750,176,제시문 : ,2015,서울대,수의학과,일반전형
750,177,자전거 전용 도로에서 자기 반려견과 산책하던 사람이 강아지가 불편해 해서 목줄을 풀어주었다. 그러다가 강아지와 자전거 주행자가 부딪혀 둘다 다쳤다.,2015,서울대,수의학과,일반전형
750,178,Q. 질문 : 자전거 주행자로서 자신의 입장을 말해보세요.,2015,서울대,수의학과,일반전형
750,179,대답 : 여기는 자전거 전용 도로고 목줄을 안 채웠으니까~,2015,서울대,수의학과,일반전형
750,180,Q. 질문 : 강아지 주인으로서 자신의 입장을 말해보세요,2015,서울대,수의학과,일반전형
750,181,대답 : 자전거 전용도로이지만 산책도 할 수 있는거 아니냐.. 목줄을 안 채운건 잘못이지만 그렇게 빨리 달린 당신 잘못도 있다~(횡설수설) 강아지는 내 가족같은 존재~,2015,서울대,수의학과,일반전형
750,182,Q. 질문 : 그럼 제 3자로서 말해보세요,2015,서울대,수의학과,일반전형
750,183,대답 : (좀 웃고) 양쪽 다 책임이 있다~,2015,서울대,수의학과,일반전형
750,184,Q. 질문 : 그럼 몇 대 몇의 책임이 있다고 생각합니까?,2015,서울대,수의학과,일반전형
750,185,대답 : 강아지 주인이 책임이 더 크다고 생각해서 7:3~ ,2015,서울대,수의학과,일반전형
750,186,Q. 질문 : 만약에 자전거 주행자가 술을 먹었다면요?,2015,서울대,수의학과,일반전형
750,187,대답 : 그럼 책임이 5:5 정도~ 이유는 ~,2015,서울대,수의학과,일반전형
750,188,Q. 질문 : 그렇다면 약을 먹고 취했다면요?,2015,서울대,수의학과,일반전형
750,189,대답 : 감기약..같은거요?,2015,서울대,수의학과,일반전형
750,190,Q. 질문 : 네 (웃으면서) 마약은 아니고요 ㅎㅎ,2015,서울대,수의학과,일반전형
750,191,대답 : 그래도 자신이 약을 먹었으면 어지럽다는 걸 알고 있었고 ~,2015,서울대,수의학과,일반전형
750,192,Q. 질문 : 그럼 이걸 재판까지 끌고 갔다고 생각합시다. 판사라면 어떤 판결을 내리겠습니까?,2015,서울대,수의학과,일반전형
750,193,대답 : 먼저 합의를 보게 하겠습니다. 서로 입장을 이해하면~,2015,서울대,수의학과,일반전형
750,194,끝,2015,서울대,수의학과,일반전형
750,195,(자신의 입장 말할 때 너무 자기 입장만 말한 것 같아요.. 상대방 입장도 이해한다는 걸 보여줬어야 했나 싶어요),2015,서울대,수의학과,일반전형
750,196,[두번째 방],2015,서울대,수의학과,일반전형
750,197,제시문 : 메르스랑 집단 폐렴 때문에 건물 출입 통제한다는 안내문 사진 두장,2015,서울대,수의학과,일반전형
750,198,Q. 질문 : 무슨 내용인 것 같아요?,2015,서울대,수의학과,일반전형
750,199,대답 : 메르스와 집단 폐렴으로 ~,2015,서울대,수의학과,일반전형
750,200,Q. 질문 : 만약에 이 건물에서 약속이 잡혀 있다면 어떻게 하겠습니까?,2015,서울대,수의학과,일반전형
750,201,대답: 먼저 관계자가 있을 테니 무슨 일인지 물어 보도록 하겠습니다~,2015,서울대,수의학과,일반전형
750,202,Q. 질문: 만약에 자신이 거기에서 일을 하던 사람이라면요?,2015,서울대,수의학과,일반전형
750,203,대답: 꼭 중요한 일이라면 필요한 절차를 따라 확실히 소독을 하고~,2015,서울대,수의학과,일반전형
750,204,Q. 질문: 그 뒤에 격리를 당한다고 해도요?,2015,서울대,수의학과,일반전형
750,205,대답: 그일이 얼마나 중요한 지에 따라~,2015,서울대,수의학과,일반전형
750,206,Q. 질문: 그럼 장관으로서 정책을 마련한다면?,2015,서울대,수의학과,일반전형
750,207,대답: 먼저 예방에 중점을 두고~ 교육을~,2015,서울대,수의학과,일반전형
750,208,Q. 질문: 단계적으로 말해보세요,2015,서울대,수의학과,일반전형
750,209,대답: 먼저 격리를 확실히 하고~,2015,서울대,수의학과,일반전형
750,210,(이 방에서 뭔가 대답에서 중요한게 빠졌는지 계속 같은걸 물어보셨어요. 더 구체적으로 말해야 했나??),2015,서울대,수의학과,일반전형
750,211,[세번째 방],2015,서울대,수의학과,일반전형
750,212,제시문: 캣맘 사건의 줄거리와 길고양이에게 밥을 주고 챙겨주는 사람도 있는 반면 싫어하는 사람도 있다는 내용,2015,서울대,수의학과,일반전형
750,213,Q. 질문: 거기에 길고양이라는 단어가 나오는데 길고양이가 많은 이유가 뭐라고 생각하나요?,2015,서울대,수의학과,일반전형
750,214,대답: 고양이는 집고양이로서도 살 수 있지만 길에서 살아도 행복하게 살 수 있다고 알고 있습니다. 그게 길강아지보다 길고양이를 더 쉽게 볼 수 있는 이유~,2015,서울대,수의학과,일반전형
750,215,Q. 질문; 제시문에 대해서 이야기해 보세요,2015,서울대,수의학과,일반전형
750,216,대답: 위에 제시된 사건은 캣맘 사건~ 실제로 저희 집에서도 저는 길고양이에게 우호적이지만 엄마는 고양이가 쓰레기통 뒤진다고 싫어하신다~,2015,서울대,수의학과,일반전형
750,217,Q. 질문: 해결책은 뭐라고 생각하시나요?,2015,서울대,수의학과,일반전형
750,218,대답: 공생을 추구해야~ 최근에 서울에서 길고양이 급식소를 설치했는데~ 중성화 수술~,2015,서울대,수의학과,일반전형
750,219,Q. 질문: 중성화 수술에 대해서 얘기 했는데 사람의 편의를 위해서 동물을 희생시키는 것 아닌가요?,2015,서울대,수의학과,일반전형
750,220,대답: 사실 중성화 수술이 성대 수술처럼 인간의 편의를 위한 것이라고도~ 하지만 서로 같이 살아가기 위해서는~ 동물을 죽여서 줄이려는 시도보다 훨씬 더 좋은 방법~,2015,서울대,수의학과,일반전형
750,221,(2분 남았습니다),2015,서울대,수의학과,일반전형
750,222,Q. 질문: 하고싶은 말있으면 아무거나 해보세요,2015,서울대,수의학과,일반전형
750,223,대답: (당황하다가) 준비해둔 말을 했습니다,2015,서울대,수의학과,일반전형
750,224,"(세번째 방이 제일 분위기가 좋았어요. 잘 웃어주시고 고개도 끄덕여 주시고.. 그리고 중성화 수술, 성대 수술 같이 관련 용어를 많이 말하는게 중요한 것 같아요.)",2015,서울대,수의학과,일반전형
750,225,[네번째 방],2015,서울대,수의학과,일반전형
750,226,제시문: 수학여행 가는데 자신이 전교회장이다. ,2015,서울대,수의학과,일반전형
750,227,        1안: 근처의 싼 곳. 다른 학교들도 많이 가는 곳,2015,서울대,수의학과,일반전형
750,228,        2안: 조금 비싸지만 고등학생 때 좋은 경험을 할 수 있는 곳,2015,서울대,수의학과,일반전형
750,229,        3안: 특수한 경험을 할 수 있는 곳,2015,서울대,수의학과,일반전형
750,230,Q. 질문: 자신이 전교회장이라면 어떤 안을 밀것같아요?,2015,서울대,수의학과,일반전형
750,231,대답: 저는 2안~ 이유는~,2015,서울대,수의학과,일반전형
750,232,Q. 질문: 2안의 예로 자신이 생각하는 것은?,2015,서울대,수의학과,일반전형
750,233,대답: 일본 유치원에서~,2015,서울대,수의학과,일반전형
750,234,Q. 질문: 그렇다면 1안과 3안을 지지하는 아이들을 어떻게 설득 할 건가요?,2015,서울대,수의학과,일반전형
750,235,대답: 저는 1안을 지지하는 아이들과 3안을 지지하는 아이들을 따로 만나서~ 1안을 추구하는 이유는~ 그러므로~ ,2015,서울대,수의학과,일반전형
750,236,Q. 질문: 수학여행의 가장 중요한 점이 뭐라고 생각하나요?,2015,서울대,수의학과,일반전형
750,237,대답: 아무래도 친구들과~ ,2015,서울대,수의학과,일반전형
750,238,Q. 질문: 어떤 수학여행이 가장 기억에 남나요?,2015,서울대,수의학과,일반전형
750,239,대답: 중학교 때~,2015,서울대,수의학과,일반전형
750,240,Q. 질문: 수학여행의 나쁜점이 있다면?,2015,서울대,수의학과,일반전형
750,241,대답: 소외된 친구들의 경우~,2015,서울대,수의학과,일반전형
750,242,Q. 질문: 해결 방안은?,2015,서울대,수의학과,일반전형
750,243,대답: 먼저 배려~,2015,서울대,수의학과,일반전형
750,244,(분위기는 좋았는데 횡설수설..),2015,서울대,수의학과,일반전형
750,245,[다섯번째 방],2015,서울대,수의학과,일반전형
750,246,"제시문: 연도별 야생동물별 농작물에 입힌 피해금액을 표로 정리해놨음. 까치, 멧돼지, 고라니, 꿩, 하나는..기억이 안나네요",2015,서울대,수의학과,일반전형
750,247,Q. 질문: 표에 대해서 얘기해 보세요.,2015,서울대,수의학과,일반전형
750,248,대답: (당황스러움) 아.. 여기서 갑자기 고라니와 꿩의 피해금액이 늘어나는데 그 이유는~ (헛소리),2015,서울대,수의학과,일반전형
750,249,Q. 질문: (조금 웃으면서) 아 그렇다면 까치는 줄어드는데 꿩은 늘어난 이유는요? 어차피 같은 조류인데?,2015,서울대,수의학과,일반전형
750,250,대답: (더 당황스러움) 까치는 많이 날아다니는 반면에 꿩은 주로 뛰어서 다닌다고 알고 있습니다~,2015,서울대,수의학과,일반전형
750,251,Q. 질문: 그럼 고라니는요?,2015,서울대,수의학과,일반전형
750,252,대답: 고라니는.. 음.. (순간 다른 이유가 떠올랐음) 아! 또 고라니가 많이 먹는 작물을 많이 재배하게 된 것이 이유일 수도 있다고 생각합니다,2015,서울대,수의학과,일반전형
750,253,Q. 질문: 고라니는 풀을 먹는데 어떤 작물을 먹죠?,2015,서울대,수의학과,일반전형
750,254,대답: .....버섯과.. 다른 관목 작물들..,2015,서울대,수의학과,일반전형
750,255,Q. 질문: (엄청 웃으시면서) 버섯이요?? 그럼 버섯이 초등학생 때 보다 많이 팔던가요?,2015,서울대,수의학과,일반전형
750,256,대답: 그보다는 자연산 버섯이 각광을 받아~,2015,서울대,수의학과,일반전형
750,257,Q. 질문: (더 웃으시며) 자연산 버섯에는 어떤게 있죠?,2015,서울대,수의학과,일반전형
750,258,대답: 표고버섯이랑...,2015,서울대,수의학과,일반전형
750,259,Q. 질문: 그럼 해결 방안은요?,2015,서울대,수의학과,일반전형
750,260,대답; 생태계를~,2015,서울대,수의학과,일반전형
750,261, (제일 망한 방.. 그냥 당황시키려고 하는 질문들 같았습니다. 엄청 웃기는 했는데..),2015,서울대,수의학과,일반전형
750,262,"[본인이 느꼈던 잘한 점, 아쉬운 점, 준비해야할 것 / 후배에게 당부하고 싶은 사항]",2015,서울대,수의학과,일반전형
750,263,◈ 가면 분위기가 생각 보다 좋아서 긴장할 필요는 없는 것 같다.,2015,서울대,수의학과,일반전형
750,264,◈ 말을 조금 천천히 하면 질문 개수가 줄어들 것 같다.,2015,서울대,수의학과,일반전형
750,265,◈ 분위기가 좋아서 잘 웃게 되니까 그냥 긴장 풀고 가면 될 것 같다.,2015,서울대,수의학과,일반전형
750,266,◈ 당황하지 말고 계속 말하는 게 좋은 것 같다.,2015,서울대,수의학과,일반전형
750,267,◈ 10분이 생각보다 짧다.,2015,서울대,수의학과,일반전형
892,268,2015학년도 대입 면접 후기[영남대 유아교육학과],2015,영남대,유아교육과,잠재능력우수자전형
892,269,대학명,2015,영남대,유아교육과,잠재능력우수자전형
892,270,영남대학교,2015,영남대,유아교육과,잠재능력우수자전형
892,271,학과(부),2015,영남대,유아교육과,잠재능력우수자전형
892,272,유아교육학과,2015,영남대,유아교육과,잠재능력우수자전형
892,273,[전형유형],2015,영남대,유아교육과,잠재능력우수자전형
892,274,잠재능력우수자전형,2015,영남대,유아교육과,잠재능력우수자전형
892,275,합/불 현황,2015,영남대,유아교육과,잠재능력우수자전형
892,276,불합격,2015,영남대,유아교육과,잠재능력우수자전형
892,277,면접시간,2015,영남대,유아교육과,잠재능력우수자전형
892,278,5~10분,2015,영남대,유아교육과,잠재능력우수자전형
892,279,면접위원수,2015,영남대,유아교육과,잠재능력우수자전형
892,280,면접절차,2015,영남대,유아교육과,잠재능력우수자전형
892,281,문제3개 나눠주고 읽고 말하기,2015,영남대,유아교육과,잠재능력우수자전형
892,282,면 접 특 징[유의사항],2015,영남대,유아교육과,잠재능력우수자전형
892,283,◈ 사람들이 착하다,2015,영남대,유아교육과,잠재능력우수자전형
892,284,질문 및 답변 내용 (질문 위주로 구체적으로 진술),2015,영남대,유아교육과,잠재능력우수자전형
892,285,Q : [전공]유치원교사가 되려면 어떤 자질 3가지가 필요하고 유치원 교사를 한다고 했을 때 반대하거나 다른 직업을 요구한 사례가 있으면 어떻게 대처하고 행동했나?,2015,영남대,유아교육과,잠재능력우수자전형
892,286,A : 저는 아이들을 지켜주는 힘과 지금은 떨고 있어서 못 웃고 있지만 (이때 손으로 입 미소 띠게 입 꼬리 올렸어 왜 그랬을까 ㅋㅋ) 따뜻한 미소가 필요하구요 저와 같이 바보 같은 순박함이 필요 합니다 애들도 순수하고 순박하기 때문에 잘 다가갈 수 있습니다(이때 면접자님이 학생이 정말 순박하다고 생각하느냐고 해서 저는 한 치 망설임 없이 아유~당연하죠 했음어 ㅋㅋ 싹싹하게 보였으면 좋겠네)그리고 두 번째 질문은 우리 아버지 예를 들었어 아버지가 돼지 키워서 사업 물려 받으라 했는데 근데 유아교육과 간다 하니까 좀 맘에 안 들어하더라고 그래서 내 인생은 내가 산다고 나는 돈보다는 소소한 행복을 얻으면서 살고 싶다고 말했지 ㅎ 제발 잘 보였으면ㅋㅋ,2015,영남대,유아교육과,잠재능력우수자전형
892,287,Q : [인성 지문]이건좀 지문이 길어 교수님들한테 좀 읽겠습니다. 라고 양해 구하고 캐롤라인이라는 사람이 맨날 등급을 맞았는데 다른 데를 진학했나? 하여튼 자기의 평균이 하향됐데 그래서 좌절했다는데 그 이유와 내가 캐롤라인이었으면 어떤 노력을 하겠는가?,2015,영남대,유아교육과,잠재능력우수자전형
892,288,A : 나의 답변  → 나는 일단 당연히 맨날 좋은 성적을 받는 애가 성적이 떨어졌으니 공부를 덜했다는 죄책감과 열등감을 가져서 좌절감을 가진다 그랬고 ,2015,영남대,유아교육과,잠재능력우수자전형
892,289,높은 등급이었다고 자만하지 말고 끝까지 열심히 노력해야한다고 말했는데 그래서  어떤 노력이 필요하냐고 묻길래 당황해서 다른 방법을 개선해야한다고 말했는데 그 방법은 차차 생각해본다고 했어요.,2015,영남대,유아교육과,잠재능력우수자전형
892,290,Q : [전공]아이들이 폭력을 당하는 사례가 요즘 생기는데 이런 일이 왜생기는지 말하고 그 예방법은?,2015,영남대,유아교육과,잠재능력우수자전형
892,291,"A : 여기는 솔직히 기억이 안나 . 유치원선생님이 교육을 잘못 받았거나 감정을 억누르지 못했다고 말한 것 같아 예방법은 내가 횡설수설 하니까 교수님이 웃으면서 천천히 생각하라고 ㅎ 그래 쪼금만 생각하겠다고 했지 문득 생각난 게 cctv 의무화, 난 그것에 찬성하고 그것을 의무화하면 일단 폭력은 벌을 받기 싫어서라도 줄어들 것이다. 그리고 자신이 떳떳하면 감시받아도 아무 신경 쓰지 않을 것이다. 교수가 정말로 그럴까요? 해서 저라도 그럴 것이라고 말했어요.",2015,영남대,유아교육과,잠재능력우수자전형
892,292,"[본인이 느꼈던 잘한 점, 아쉬운 점, 준비해야할 것 / 후배에게 당부하고 싶은 사항]",2015,영남대,유아교육과,잠재능력우수자전형
892,293,◈ 영남대 첨 갔는데 정말 크고 좋더라. 유아교육과 교수님들도 착하셔서 편했고 긴장을 덜해도 될 것이야 나는 비록 버벅 댔지만 끝까지 말하는 게 중요하다고 생각해 ㅎ,2015,영남대,유아교육과,잠재능력우수자전형
900,294,2015학년도 대입 면접 후기[영남대 인문자율전공학부],2015,영남대,인문자율전공,잠재능력우수자전형
900,295,대학명,2015,영남대,인문자율전공,잠재능력우수자전형
900,296,영남대학교,2015,영남대,인문자율전공,잠재능력우수자전형
900,297,학과(부),2015,영남대,인문자율전공,잠재능력우수자전형
900,298,인문자율전공학부,2015,영남대,인문자율전공,잠재능력우수자전형
900,299,[전형유형],2015,영남대,인문자율전공,잠재능력우수자전형
900,300,잠재능력우수자전형,2015,영남대,인문자율전공,잠재능력우수자전형
900,301,합/불 현황,2015,영남대,인문자율전공,잠재능력우수자전형
900,302,합격(대기순번),2015,영남대,인문자율전공,잠재능력우수자전형
900,303,면접시간,2015,영남대,인문자율전공,잠재능력우수자전형
900,304,10분내외(대기시간 2시간내외),2015,영남대,인문자율전공,잠재능력우수자전형
900,305,면접위원수,2015,영남대,인문자율전공,잠재능력우수자전형
900,306,2명,2015,영남대,인문자율전공,잠재능력우수자전형
900,307,면접절차,2015,영남대,인문자율전공,잠재능력우수자전형
900,308,대기실 대기 &#8211; 3~4명씩 묶어서 면접실 밖에서 대기 &#8211; 1명씩 입장 &#8211; 제시문 받은 뒤 질문 답변 &#8211; 개인 질문,2015,영남대,인문자율전공,잠재능력우수자전형
900,309,면 접 특 징[유의사항],2015,영남대,인문자율전공,잠재능력우수자전형
900,310,◈ 번호 나눠지는 것에 따라서 대기시간이 길어질 수 있음,2015,영남대,인문자율전공,잠재능력우수자전형
900,311,"◈ 자소서 내용 위주로 질문, 면접실 내에서 제시문을 받고 그 내용에 대하여 바로 질문하는 형식을 취함",2015,영남대,인문자율전공,잠재능력우수자전형
900,312,질문 및 답변 내용 (질문 위주로 구체적으로 진술),2015,영남대,인문자율전공,잠재능력우수자전형
900,313,............................................................................................................................................................................................................,2015,영남대,인문자율전공,잠재능력우수자전형
900,314, ☞ [인성 지문][질문1] 미국의 고등학교를 다니는 xx양은 성적이 우수한 학생이다. 하지만 미국 명문대를 입학한 뒤 자신이 생각한 것 보다 성적이 나오지 않게 되자 자괴감에 빠지게 되었다. xx양이 자괴감에 빠지게 된 이유와 자신이 만약 그러한 상황에 빠지게 된다면 어떻게 행동할 것인지 서술하시오.,2015,영남대,인문자율전공,잠재능력우수자전형
900,315, A. 제가 보기에 xx양은 자신이 비교할 대상이 생기고 그 대상보다 좋은 결과가 나오지 않게 되자 자괴감에 빠지게 된 것 같습니다. 그 이유는 ~~,2015,영남대,인문자율전공,잠재능력우수자전형
900,316, ☞[추가] 자신이 만약 그러한 상황에 빠지게 된다면 어떻게 행동할 것인지 말해 주시기 바랍니다.,2015,영남대,인문자율전공,잠재능력우수자전형
900,317, A. 만약 제가 그러한 상황에 빠지게 된다면 일단 계속 더 나은 상황을 만들기 위하여 도전해 나아갈 것입니다. 그 이유는 ~~ (이 내용은 자신이 자소서에 서술한 가치관에 근거하여 서술),2015,영남대,인문자율전공,잠재능력우수자전형
900,318,........................................................................................................................................................................................................... ,2015,영남대,인문자율전공,잠재능력우수자전형
900,319,Q : [질문2] 자신의 장래희망을 가지게 해 준 롤모델에 관하여 말씀해주시기 바랍니다.,2015,영남대,인문자율전공,잠재능력우수자전형
900,320,A : 제 롤모델은 아버지이십니다. 제가 어릴 적부터 아버지께서는 제가 하고싶은 일을 하라고 말씀하셨습니다. ~~ (역시 자소서내용에 근거하여 서술),2015,영남대,인문자율전공,잠재능력우수자전형
900,321,"[본인이 느꼈던 잘한 점, 아쉬운 점, 준비해야할 것 / 후배에게 당부하고 싶은 사항]",2015,영남대,인문자율전공,잠재능력우수자전형
900,322,◈ 면접실 밖 대기시간에 진행요원들이 긴장을 풀어주기 위해 간단한 질문과 조언을 해주신 것이 면접실에 들어가기 전에 준비하는 데 도움이 되었다.,2015,영남대,인문자율전공,잠재능력우수자전형
900,323,◈ 자소서 내용울 잘 숙지해서 면접 때 질문에 잘 대답할 수 있었다.,2015,영남대,인문자율전공,잠재능력우수자전형
900,324,◈ 복장은 상관 없지만 교복 또는 간편하되 예의를 차린 옷을 입고 가니 강한 인상을 심어줄 수 있었던 것 같다.,2015,영남대,인문자율전공,잠재능력우수자전형
955,325,2015학년도 대입 면접 후기[이화여대 건축학부],2015,이화여대,간호학과,고교추천전형
955,326,대학명,2015,이화여대,간호학과,고교추천전형
955,327,이화여자대학교,2015,이화여대,간호학과,고교추천전형
955,328,학과(부),2015,이화여대,간호학과,고교추천전형
955,329,건축학부,2015,이화여대,간호학과,고교추천전형
955,330,[전형유형],2015,이화여대,간호학과,고교추천전형
955,331,고교추천전형,2015,이화여대,간호학과,고교추천전형
955,332,합/불 현황,2015,이화여대,간호학과,고교추천전형
955,333,합격,2015,이화여대,간호학과,고교추천전형
955,334,면접시간,2015,이화여대,간호학과,고교추천전형
955,335,문제 6분 면접 6분,2015,이화여대,간호학과,고교추천전형
955,336,면접위원수,2015,이화여대,간호학과,고교추천전형
955,337,면접절차,2015,이화여대,간호학과,고교추천전형
955,338,제시문 풀이면접,2015,이화여대,간호학과,고교추천전형
955,339,면 접 특 징[유의사항],2015,이화여대,간호학과,고교추천전형
955,340,◈ 인성면접은 기본적인 것들만 질문(시간이 얼마 없기 때문에),2015,이화여대,간호학과,고교추천전형
955,341,질문 및 답변 내용 (질문 위주로 구체적으로 진술),2015,이화여대,간호학과,고교추천전형
955,342,............................................................................................................................................................................................................,2015,이화여대,간호학과,고교추천전형
955,343, ☞ [지문],2015,이화여대,간호학과,고교추천전형
955,344, A. 음극선 실험에 관한 내용들기본적인 교과서개념임,2015,이화여대,간호학과,고교추천전형
955,345,    학생들네명이서 각자 제시문을 보고 추론해서 이실험을 통해 나올 수 있는 원자모형을 제시,2015,이화여대,간호학과,고교추천전형
955,346,    학생이 옳은 답을 함이유,2015,이화여대,간호학과,고교추천전형
955,347,    이 학생이 다른 아이들을 반박해야함,2015,이화여대,간호학과,고교추천전형
955,348, .......................................................................................................................................................................................................... ,2015,이화여대,간호학과,고교추천전형
955,349,Q : 건축학부에 지원하게 된 동기,2015,이화여대,간호학과,고교추천전형
955,350,A : 항상 건축에 관심이 있었고 건축가에 대해 멋있다고 생각 건축가는 사람의 목숨과 직접적인 연관이 있기 때문에 큰 책임이 따르는 직종이라는 것을 알아서 멀리만 하였다. 제가 경북대학교 옆에 사는데 그 경북대학교 안에 숲이 우거진 사람들이 잘 다니지 않는 버려진 곳이 있습니다. 어느날 그 곳이 공사와 리모델링을 시작하여 나중에 찾아가 보았습니다 주위의 숲과 어우러지면서 자연친화적인 조화와 건물안의 공터로 밖의 잔디가 쭉 이어지면서 독특한 모습이 정말 매력적이었습니다. 이렇게 버려질것같은 공간을 사람들이 생각하지 못하는 방식으로 공간을 활용하는 것이 너무 ㅤㅁㅓㅆ있었고 저도 이런 멋진 일을 하는 건축가가 되고 싶어서 지원하게 되었습니다.,2015,이화여대,간호학과,고교추천전형
955,351,Q : 이대 건축을 지원한 이유,2015,이화여대,간호학과,고교추천전형
955,352,A : 항상 이대는 멋진 명문대라는 것을 알아서 오고 싶었고 이렇게 고교추천전형이라는 기회가 와서 잡게 되었습니다. 그리고 이대의 사이트에 건축가 과제전이 너무 멋있어 보여서 지원했습니다.,2015,이화여대,간호학과,고교추천전형
1016,353,2015학년도 대입 면접 후기[중앙대 광고홍보학과],2015,중앙대,공공인재학부,학생부종합 다빈치전형
1016,354,대학명,2015,중앙대,공공인재학부,학생부종합 다빈치전형
1016,355,중앙대학교,2015,중앙대,공공인재학부,학생부종합 다빈치전형
1016,356,학과(부),2015,중앙대,공공인재학부,학생부종합 다빈치전형
1016,357,광고홍보학과,2015,중앙대,공공인재학부,학생부종합 다빈치전형
1016,358,[전형유형],2015,중앙대,공공인재학부,학생부종합 다빈치전형
1016,359,학생부종합 다빈치전형,2015,중앙대,공공인재학부,학생부종합 다빈치전형
1016,360,합/불 현황,2015,중앙대,공공인재학부,학생부종합 다빈치전형
1016,361,면접시간,2015,중앙대,공공인재학부,학생부종합 다빈치전형
1016,362,10분,2015,중앙대,공공인재학부,학생부종합 다빈치전형
1016,363,면접위원수,2015,중앙대,공공인재학부,학생부종합 다빈치전형
1016,364,"교수님 1, 사정관1 2대 1 면접",2015,중앙대,공공인재학부,학생부종합 다빈치전형
1016,365,면접절차,2015,중앙대,공공인재학부,학생부종합 다빈치전형
1016,366,면 접 특 징[유의사항],2015,중앙대,공공인재학부,학생부종합 다빈치전형
1016,367,"◈ 시험장 분위기 : 면접 대기실에서는 엄숙. 하지만, 면접 볼 때에는 웃는 분위기.",2015,중앙대,공공인재학부,학생부종합 다빈치전형
1016,368,질문 및 답변 내용 (질문 위주로 구체적으로 진술),2015,중앙대,공공인재학부,학생부종합 다빈치전형
1016,369,"03. 시험 문제 복원 + 나의 답변 (교교수님, 입입사관 나본인)",2015,중앙대,공공인재학부,학생부종합 다빈치전형
1016,370,(입장 문 앞에서) ,2015,중앙대,공공인재학부,학생부종합 다빈치전형
1016,371,"나 :  안녕하십니까. 좋은 광고가 기억에 쏙쏙 남듯, 면접관님들의 기억에 쏙쏙 남을 김00입니다.(인사)",2015,중앙대,공공인재학부,학생부종합 다빈치전형
1016,372,"Q. 교, 입 : 하하하. 기억에 쏙 남았어요. 앉으세요.",2015,중앙대,공공인재학부,학생부종합 다빈치전형
1016,373,Q. 입 : (자소서를 봤는지 생기부를 봤는지) 오~ 그래 맞아. 니가 문과생인데 이과동아리를 한 친구구나. 단도직입적으로 물을 께. 왜 이과동아리를 했니? ,2015,중앙대,공공인재학부,학생부종합 다빈치전형
1016,374,"나 :　문과라는 학문에만 치우치지 않고 다양한 학문을 접해보며 역량을 쌓고, 다양한 경험을 하고 싶었기 때문입니다 (~~ 길게 설명했지만 기억이 잘 안남. 은근 융합을 강조하는 말투로)",2015,중앙대,공공인재학부,학생부종합 다빈치전형
1016,375,"Q. 입 : 생기부를 보면 미술관련 상이 많은데, 광고를 하고 싶어서 미술을 신경 쓴 거니?",2015,중앙대,공공인재학부,학생부종합 다빈치전형
1016,376,"나 : 아닙니다. 저는 어릴 때부터 손재주가 좋았고, 이는 광고에 도움이 될 만한 저만의 무기인 것 같습니다.",2015,중앙대,공공인재학부,학생부종합 다빈치전형
1016,377,Q. 면 : 독서를 보면 창의적인 친구들은 전부 스티브잡스 책을 읽었네요. 하하. 스티브잡스는 중간에 학교를 나왔는데 학생은 왜 대학교가 필요하나요?,2015,중앙대,공공인재학부,학생부종합 다빈치전형
1016,378,"나 : 아무래도 미국과 한국은 사회적인 분위기부터 다르고, 대구에 살다보니 스티브잡스 같은 삶이 실제로 실현 가능한지 믿을 수 없기 때문에 저는 대학교가 필요한 것 같아서 중앙대학교 광고홍보학과에 지원하게 되었습니다.",2015,중앙대,공공인재학부,학생부종합 다빈치전형
1016,379,"Q. 입 : 동아리발표대회 상을 받았는데, 어떤 내용이죠? 생물동아리 내용인가요?",2015,중앙대,공공인재학부,학생부종합 다빈치전형
1016,380,"나 : 아니요, 그것은 독도동아리를 한 것입니다. 그 대회는 어떠한 주제가 있는 것이 아니라 동아리 연혁, 소개 목적인 대회였습니다.",2015,중앙대,공공인재학부,학생부종합 다빈치전형
1016,381,"Q. 면 :　사람을 위한 광고를 하고 싶다고 했는데, 또 이러한 내용이 독서활동에도 있고, 인간경영맹자 오디세이랑 연관이 어떻게 되죠?",2015,중앙대,공공인재학부,학생부종합 다빈치전형
1016,382,"나 :　맹자가 왕도정치를 하며 도를 통해 사람의 마음을 이끌었듯이, 저도 맹자의 의미를 확장하여 사람의 마음을 이끄는 광고를 하고 싶은 생각이 들어서 읽었습니다.",2015,중앙대,공공인재학부,학생부종합 다빈치전형
1016,383,Q. 입 : 현대카드에는 분명한 이유가 있다. 라는 책을 읽었는데 어떤 이유가 있죠?,2015,중앙대,공공인재학부,학생부종합 다빈치전형
1016,384,"나 : 현대카드는 불과 몇 년 전만 해도 최하위를 달리고 있었습니다. 하지만, 현대만의 글씨체와 고객을 잘 아는 마케팅 전략을 내세워 현재 최고의 기업이 되었습니다. ",2015,중앙대,공공인재학부,학생부종합 다빈치전형
1016,385,Q. 면 :　세부능력사항에 한국사 특강 들으며 태조 왕건에 대해서 친구들에게 소개를 했다는데 한 번 해볼 수 있나요? (전혀 설명한 적이 없다. 선생님들께서 생기부도 어느 정도 신경을 써서 적어주셔야 할 것 같습니다.),2015,중앙대,공공인재학부,학생부종합 다빈치전형
1016,386,나 : 아... 선생님께서 저를 잘 파악 못하신 것 같습니다. 죄송합니다.,2015,중앙대,공공인재학부,학생부종합 다빈치전형
1016,387,Q. 입 : 아! 그럴 수 있죠~~(9분. 1분 남았다는 노크소리가 들림),2015,중앙대,공공인재학부,학생부종합 다빈치전형
1016,388,"Q. 입 :　이제 1분 남았다고 노크하네요,... 하고 싶은 말 없어요?",2015,중앙대,공공인재학부,학생부종합 다빈치전형
1016,389,나 : 준비해 온 멘트를 날린다.,2015,중앙대,공공인재학부,학생부종합 다빈치전형
1016,390,"Q. 교, 입 : 수고하셨습니다~",2015,중앙대,공공인재학부,학생부종합 다빈치전형
1016,391,나 :　내년에는 면접관이 아닌 교수님으로 뵙으면 좋겠습니다. 감사합니다.,2015,중앙대,공공인재학부,학생부종합 다빈치전형
1016,392,(퇴장),2015,중앙대,공공인재학부,학생부종합 다빈치전형
1016,393,"[본인이 느꼈던 잘한 점, 아쉬운 점, 준비해야할 것 / 후배에게 당부하고 싶은 사항]",2015,중앙대,공공인재학부,학생부종합 다빈치전형
1016,394,◈ 이번 중앙대 면접은 후기를 봐도 그렇고 서류에서 이미 판결이 났다는 의견이 많습니다. ,2015,중앙대,공공인재학부,학생부종합 다빈치전형
1016,395,"그 이유는 면접이 자소서, 생기부 위주보다는 진로, 독서, 장점 등 난이도가 쉬웠고, 제가 앉을 때, 니가 문과생인데 이과동아리 한 친구구나. 라는 말을 봤을 때도 그렇고 이미 면접 전부터 저를 파악하고 있는 것으로 보아 서류에서 이미 다 결정난 것 같습니다.",2015,중앙대,공공인재학부,학생부종합 다빈치전형
1016,396,"◈ 중앙대는 시사는 전혀 묻지 않고 100퍼센트 생기부, 자소서 위주의 면접입니다.",2015,중앙대,공공인재학부,학생부종합 다빈치전형
1053,397,2015학년도 대입 면접 후기,2015,한국교원대,화학교육과,기초수급 차상위
1053,398,대학명,2015,한국교원대,화학교육과,NAVI인재전형
1053,399,[한국교통대 철도운전시스템공학과],2015,한국교원대,화학교육과,NAVI인재전형
1053,400,한국교통대학교,2015,한국교원대,화학교육과,NAVI인재전형
1053,401,학과(부),2015,한국교원대,화학교육과,NAVI인재전형
1053,402,철도운전시스탬공학과,2015,한국교원대,화학교육과,NAVI인재전형
1053,403,[전형유형],2015,한국교원대,화학교육과,NAVI인재전형
1053,404,NAVI인재전형,2015,한국교원대,화학교육과,NAVI인재전형
1053,405,합/불 현황,2015,한국교원대,화학교육과,NAVI인재전형
1053,406,면접시간,2015,한국교원대,화학교육과,NAVI인재전형
1053,407,15분,2015,한국교원대,화학교육과,NAVI인재전형
1053,408,면접위원수,2015,한국교원대,화학교육과,NAVI인재전형
1053,409,3명,2015,한국교원대,화학교육과,NAVI인재전형
1053,410,면접절차,2015,한국교원대,화학교육과,NAVI인재전형
1053,411,면 접 특 징[유의사항],2015,한국교원대,화학교육과,NAVI인재전형
1053,412,◈ 심층면접,2015,한국교원대,화학교육과,NAVI인재전형
1053,413,질문 및 답변 내용 (질문 위주로 구체적으로 진술),2015,한국교원대,화학교육과,NAVI인재전형
1053,414,Q : 자신의 장단점을 말해보라.,2015,한국교원대,화학교육과,NAVI인재전형
1053,415,A : 장점은 남의 말을 잘 듣고 공감을 잘 하는 것이다. 단점은 자만심이 조금 있는 편이다. 옳다고 생각한 일에는 고집을 부리는 편이다. 그래서 항상 자만심을 경계하고 남의 얘기를 듣기위해 노력한다.,2015,한국교원대,화학교육과,NAVI인재전형
1053,416,Q : 학교생활 중 가장 인상 깊었던 활동이 있는가?,2015,한국교원대,화학교육과,NAVI인재전형
1053,417,A : 발명동아리 활동이 가장 기억에 남는다. 동아리 부장을 맡으며 많은 부원들 앞에서 발표와 설명을 하는 과정에서 소심한 성격을 많이 고칠 수 있었다. 뿐만 아니라 다양한 부원들의 의견을 조율하고 통합하는 과정에서 진정한 리더십이란 함께 협력할 수 있는 화합의 장을 만드는 것이라는 생각을 갖게 되었다.,2015,한국교원대,화학교육과,NAVI인재전형
1053,418,Q : 철도운전학과에 대해 아는 대로 말해보라.,2015,한국교원대,화학교육과,NAVI인재전형
1053,419,A : 철도 운전학과는 철도 전반에 대한 지식과 철도 운전에 대한 심도 있는 이론을 배우는 것으로 알고 있다. 이론뿐만 아니라 많은 실습 기회도 제공되는 것으로 알고 있다.,2015,한국교원대,화학교육과,NAVI인재전형
1053,420,Q : 좀 더 구체적으로 어떤 것을 배우는지 알고 있는가?,2015,한국교원대,화학교육과,NAVI인재전형
1053,421,A : 알고 있다. 나는 다양한 과목 중 안전역학과 사고 조사론을 좀 더 깊이 있게 배워보고 싶다.,2015,한국교원대,화학교육과,NAVI인재전형
1053,422,"[본인이 느꼈던 잘한 점, 아쉬운 점, 준비해야할 것 / 후배에게 당부하고 싶은 사항]",2015,한국교원대,화학교육과,NAVI인재전형
1053,423,"◈ 자소서와 학생부 위주의 면접 준비가 중요, 전공 관련 지식, 시사상식은 묻지 않았음. ",2015,한국교원대,화학교육과,NAVI인재전형
1053,424,"◈ 기본질문(학과지원동기, 학교지원동기, 학부 커리큘럼 등)은 모집단위에 대한 관심도를 보는 것이기 때문에 성실히 준비해야함.",2015,한국교원대,화학교육과,NAVI인재전형
1092,425,2015학년도 대입 면접 후기[한동대 전학부],2015,한동대,전학부,지역인재
1092,426,대학명,2015,한동대,전학부,지역인재
1092,427,한동대학교,2015,한동대,전학부,지역인재
1092,428,학과(부),2015,한동대,전학부,지역인재
1092,429,무전공 무학과,2015,한동대,전학부,지역인재
1092,430,[전형유형],2015,한동대,전학부,지역인재
1092,431,지역인재,2015,한동대,전학부,지역인재
1092,432,합/불 현황,2015,한동대,전학부,지역인재
1092,433,합격 ,2015,한동대,전학부,지역인재
1092,434,면접시간,2015,한동대,전학부,지역인재
1092,435,12분 정도,2015,한동대,전학부,지역인재
1092,436,면접위원수,2015,한동대,전학부,지역인재
1092,437,2명,2015,한동대,전학부,지역인재
1092,438,면접절차,2015,한동대,전학부,지역인재
1092,439,"공통질문(장문형) 6분, 인성질문 6분",2015,한동대,전학부,지역인재
1092,440,면 접 특 징[유의사항],2015,한동대,전학부,지역인재
1092,441,◈ 성경책과 소설책만 읽도록 허용됨.,2015,한동대,전학부,지역인재
1092,442,질문 및 답변 내용 (질문 위주로 구체적으로 진술),2015,한동대,전학부,지역인재
1092,443,[지문] 예술이나 체육분야에서 지정된 대회에서 수상 할 시 군면제가 된다. 이 제도의 장단점과 발전시켜야 할 부분은?,2015,한동대,전학부,지역인재
1092,444,A : ,2015,한동대,전학부,지역인재
1092,445,Q : 한동대학교에 지원한 동기는?,2015,한동대,전학부,지역인재
1092,446,A : ,2015,한동대,전학부,지역인재
1092,447,Q : 왜 꼭 한동이여야만 하는가?,2015,한동대,전학부,지역인재
1092,448,A : ,2015,한동대,전학부,지역인재
1092,449,Q : 생활기록부에 적힌 동아리 활동외에 다른 활동으로 무엇을 하였는가?,2015,한동대,전학부,지역인재
1092,450,A : ,2015,한동대,전학부,지역인재
1092,451,"Q : 한동대학교는 의학, 약학 전문 대학원이 없는데 왜 한동대학교 생명과학부를 진학하고 싶은가?",2015,한동대,전학부,지역인재
1092,452,A : ,2015,한동대,전학부,지역인재
1092,453,Q : 마지막으로 하고 싶은 말은?,2015,한동대,전학부,지역인재
1092,454,A : ,2015,한동대,전학부,지역인재
1092,455,"[본인이 느꼈던 잘한 점, 아쉬운 점, 준비해야할 것 / 후배에게 당부하고 싶은 사항]",2015,한동대,전학부,지역인재
1092,456,◈ 말하다가 울컥할 때가 있는데 그 때 울면 시간만 낭비되므로 감정을 잘 조절해야 함.,2015,한동대,전학부,지역인재
1092,457,◈ 무슨 일이 있어도 면접관의 눈을 피하면 안됨.,2015,한동대,전학부,지역인재
1092,458,◈ 대기하는 동안 추우니까 몸을 따뜻하게 할 핫팩이나 옷을 준비해야 함.,2015,한동대,전학부,지역인재
